Document,Domain,Key_Aspects
Agency Agreement,Fintech,"Partnerships and Collaborations, Marketing Strategies, Revenue Sharing Arrangements, Performance Metrics, Service Level Agreements, Termination Conditions"
Affiliate Agreement,Fintech,"Revenue Sharing Arrangements, Marketing Strategies, Compliance and Regulatory Requirements, Performance Metrics, Termination Conditions, Intellectual Property Rights"
Confidentiality Agreement (NDA),Fintech,"Partnerships and Collaborations, Vendor Selection Process, Technology Assessment, Compliance and Regulatory Requirements, Intellectual Property Protection, Investor Discussions"
Consulting Agreement,Fintech,"Technology Assessment, Compliance and Regulatory Requirements, Service Level Agreements, Project Scope and Objectives, Deliverables, Compensation Terms"
Distribution Agreement,Fintech,"Marketing Strategies, Geographic Reach, Revenue Sharing Arrangements, Performance Metrics, Termination Conditions, Exclusive Rights"
Employment Agreement,Fintech,"Hiring Process, Employee Responsibilities, Compensation and Benefits, Non-Compete Agreements, Confidentiality Obligations, Termination Conditions"
Joint Venture Agreement,Fintech,"Project Scope and Objectives, Revenue Sharing Arrangements, Governance Structure, Decision-Making Processes, Exit Strategies, Intellectual Property Rights"
Licensing Agreement,Fintech,"Intellectual Property Rights, Technology Transfer, Usage Restrictions, Royalty Payments, Compliance and Regulatory Requirements, Termination Conditions"
Loan Agreement,Fintech,"Loan Terms and Conditions, Interest Rates, Repayment Schedules, Collateral Requirements, Default Provisions, Prepayment Penalties"
Non-Disclosure Agreement (NDA),Fintech,"Technology Assessment, Compliance and Regulatory Requirements, Intellectual Property Protection, Vendor Selection Process, Investor Discussions, Partnership Discussions"
Partnership Agreement,Fintech,"Revenue Sharing Arrangements, Governance Structure, Decision-Making Processes, Roles and Responsibilities, Dispute Resolution Mechanisms, Exit Strategies"
Service Agreement,Fintech,"Service Level Agreements, Scope of Services, Pricing Structure, Performance Metrics, Termination Conditions, Intellectual Property Rights"
Shareholder Agreement,Fintech,"Equity Ownership, Voting Rights, Dividend Distribution, Board Representation, Transfer Restrictions, Exit Strategies"
Supplier Agreement,Fintech,"Quality Standards, Delivery Schedules, Pricing Structure, Payment Terms, Product Specifications, Termination Conditions"
Vendor Agreement,Fintech,"Service Level Agreements, Pricing Structure, Performance Metrics, Termination Conditions, Delivery Schedules, Intellectual Property Rights"
RFI (Request for Information),Fintech,"Vendor Selection Process, Technology Assessment, Compliance and Regulatory Requirements, Market Research, Partnership Discussions, Risk Management"
RFQ (Request for Quotation),Fintech,"Vendor Selection Process, Pricing Comparison, Budget Planning, Supplier Evaluation, Product or Service Specifications, Risk Management"
RFP (Request for Proposal),Fintech,"Vendor Selection Process, Project Scope and Objectives, Budget Planning, Service Level Agreements, Deliverables, Risk Management"
Advertising Agreement,Healthcare,"Marketing Strategies, Promotion of Healthcare Services, Advertising Campaigns, Branding Initiatives, Sponsorship Agreements"
Barter Agreement,Healthcare,"Procurement of Goods or Services in Exchange for Healthcare Products or Services, Partnerships with Suppliers, Bartering Medical Equipment or Supplies"
Bill of Sale,Healthcare,"Transfer of Ownership of Healthcare Equipment or Supplies, Purchase of Medical Devices, Transaction Records for Healthcare Assets"
Business Loan Agreement,Healthcare,"Financing for Healthcare Facilities, Expansion Projects, Acquisition of Medical Equipment, Operating Capital for Healthcare Providers"
Collaboration Agreement,Healthcare,"Partnerships with Research Institutions, Joint Research and Development Projects, Collaborative Healthcare Programs, Alliances with Pharmaceutical Companies"
Equipment Lease Agreement,Healthcare,"Leasing Medical Equipment, Facilities Management Contracts, Temporary Equipment Arrangements for Healthcare Providers"
Franchise Agreement,Healthcare,"Franchising Healthcare Services, Licensing of Healthcare Brands, Expansion of Healthcare Clinics or Facilities"
Independent Contractor Agreement,Healthcare,"Hiring of Independent Healthcare Professionals, Consultation Services, Temporary Staffing Arrangements"
Lease Agreement,Healthcare,"Leasing Healthcare Facilities, Rental Contracts for Medical Offices, Leasing of Land for Hospital Construction"
Maintenance Agreement,Healthcare,"Maintenance Services for Medical Equipment, Facility Maintenance Contracts, Service Agreements for Healthcare Facilities"
Manufacturing Agreement,Healthcare,"Outsourcing of Medical Device Manufacturing, Production Contracts for Pharmaceuticals, Supply Chain Agreements"
Memorandum of Understanding (MOU),Healthcare,"Preliminary Agreements for Healthcare Partnerships, Intentions for Collaborative Projects, Frameworks for Joint Ventures"
Non-Compete Agreement,Healthcare,"Restricting Competition Among Healthcare Professionals, Non-Compete Clauses in Employment Contracts, Protection of Intellectual Property"
Purchase Agreement,Healthcare,"Procurement of Medical Supplies, Purchase of Pharmaceuticals, Acquisition of Healthcare Businesses or Assets"
Reseller Agreement,Healthcare,"Distribution Agreements for Medical Products, Reselling Healthcare Services, Partnerships with Distributors"
Sublease Agreement,Healthcare,"Subleasing of Healthcare Facilities or Office Spaces, Subcontracting Services, Rental Agreements for Healthcare Providers"
Advertising Agreement,E-commerce,"Marketing Strategies, Promotion of Products or Services, Advertising Campaigns, Branding Initiatives, Sponsorship Agreements"
Affiliate Agreement,E-commerce,"Affiliate Partnerships, Revenue Sharing Arrangements, Marketing Strategies, Compliance and Regulatory Requirements, Performance Metrics, Termination Conditions, Intellectual Property Rights"
Barter Agreement,E-commerce,"Exchange of Goods or Services, Partnerships with Suppliers, Bartering Product or Service Offerings"
Business Loan Agreement,E-commerce,"Financing for E-commerce Ventures, Expansion Projects, Acquisition of Inventory or Equipment, Operating Capital for E-commerce Businesses"
Collaboration Agreement,E-commerce,"Partnerships with Other E-commerce Businesses, Joint Ventures, Collaborative Marketing Campaigns, Product Development Projects"
Confidentiality Agreement (NDA),E-commerce,"Protection of Intellectual Property, Vendor Selection Process, Technology Assessment, Compliance and Regulatory Requirements, Investor Discussions, Partnership Discussions"
Distribution Agreement,E-commerce,"Product Distribution Strategies, Geographic Reach, Revenue Sharing Arrangements, Performance Metrics, Termination Conditions, Exclusive Rights"
Employment Agreement,E-commerce,"Hiring Process, Employee Responsibilities, Compensation and Benefits, Non-Compete Agreements, Confidentiality Obligations, Termination Conditions"
Equipment Lease Agreement,E-commerce,"Leasing of Equipment for E-commerce Operations, Facilities Management Contracts, Temporary Equipment Arrangements"
Franchise Agreement,E-commerce,"Franchising E-commerce Services, Licensing of E-commerce Brands, Expansion of E-commerce Platforms"
Independent Contractor Agreement,E-commerce,"Hiring of Independent Contractors for E-commerce Projects, Consultation Services, Temporary Staffing Arrangements"
Lease Agreement,E-commerce,"Leasing of Warehouses or Storage Facilities, Rental Contracts for Office Spaces, Leasing of Land for E-commerce Operations"
Manufacturing Agreement,E-commerce,"Outsourcing of Product Manufacturing, Production Contracts for E-commerce Products, Supply Chain Agreements"
Memorandum of Understanding (MOU),E-commerce,"Preliminary Agreements for E-commerce Partnerships, Intentions for Collaborative Projects, Frameworks for Joint Ventures"
Non-Disclosure Agreement (NDA),E-commerce,"Protection of Intellectual Property, Technology Assessment, Compliance and Regulatory Requirements, Vendor Selection Process, Investor Discussions, Partnership Discussions"
Partnership Agreement,E-commerce,"Revenue Sharing Arrangements, Governance Structure, Decision-Making Processes, Roles and Responsibilities, Dispute Resolution Mechanisms, Exit Strategies"
Purchase Agreement,E-commerce,"Procurement of Inventory, Purchase of Goods or Services, Acquisition of E-commerce Businesses or Assets"
Reseller Agreement,E-commerce,"Distribution Agreements for E-commerce Products, Reselling E-commerce Services, Partnerships with Distributors"
Service Agreement,E-commerce,"Service Level Agreements, Scope of Services, Pricing Structure, Performance Metrics, Termination Conditions, Intellectual Property Rights"
Supplier Agreement,E-commerce,"Quality Standards, Delivery Schedules, Pricing Structure, Payment Terms, Product Specifications, Termination Conditions"
Vendor Agreement,E-commerce,"Service Level Agreements, Pricing Structure, Performance Metrics, Termination Conditions, Delivery Schedules, Intellectual Property Rights"
RFI (Request for Information),E-commerce,"Vendor Selection Process, Technology Assessment, Compliance and Regulatory Requirements, Market Research, Partnership Discussions, Risk Management"
RFQ (Request for Quotation),E-commerce,"Vendor Selection Process, Pricing Comparison, Budget Planning, Supplier Evaluation, Product or Service Specifications, Risk Management"
RFP (Request for Proposal),E-commerce,"Vendor Selection Process, Project Scope and Objectives, Budget Planning, Service Level Agreements, Deliverables, Risk Management"
Document,Domain,Key_Aspects
Advertising Agreement,Telecommunications,"Marketing Strategies, Promotion of Telecommunication Services, Advertising Campaigns, Branding Initiatives, Sponsorship Agreements"
Collaboration Agreement,Telecommunications,"Partnerships with Other Telecommunications Companies, Joint Ventures, Collaborative Marketing Campaigns, Product Development Projects"
Confidentiality Agreement (NDA),Telecommunications,"Protection of Intellectual Property, Technology Assessment, Compliance and Regulatory Requirements, Vendor Selection Process, Investor Discussions, Partnership Discussions"
Consulting Agreement,Telecommunications,"Technology Assessment, Compliance and Regulatory Requirements, Service Level Agreements, Project Scope and Objectives, Deliverables, Compensation Terms"
Distribution Agreement,Telecommunications,"Product Distribution Strategies, Geographic Reach, Revenue Sharing Arrangements, Performance Metrics, Termination Conditions, Exclusive Rights"
Employment Agreement,Telecommunications,"Hiring Process, Employee Responsibilities, Compensation and Benefits, Non-Compete Agreements, Confidentiality Obligations, Termination Conditions"
Equipment Lease Agreement,Telecommunications,"Leasing of Telecommunication Equipment, Facilities Management Contracts, Temporary Equipment Arrangements"
Franchise Agreement,Telecommunications,"Franchising Telecommunication Services, Licensing of Telecommunication Brands, Expansion of Telecommunication Platforms"
Independent Contractor Agreement,Telecommunications,"Hiring of Independent Contractors for Telecommunications Projects, Consultation Services, Temporary Staffing Arrangements"
Joint Venture Agreement,Telecommunications,"Project Scope and Objectives, Revenue Sharing Arrangements, Governance Structure, Decision-Making Processes, Exit Strategies, Intellectual Property Rights"
Lease Agreement,Telecommunications,"Leasing of Telecommunication Facilities, Rental Contracts for Telecommunication Offices, Leasing of Land for Telecommunication Infrastructure"
Licensing Agreement,Telecommunications,"Licensing of Telecommunication Technologies, Usage Restrictions, Royalty Payments, Compliance and Regulatory Requirements, Termination Conditions"
Maintenance Agreement,Telecommunications,"Maintenance Services for Telecommunication Equipment, Facility Maintenance Contracts, Service Agreements for Telecommunication Infrastructure"
Memorandum of Understanding (MOU),Telecommunications,"Preliminary Agreements for Telecommunications Partnerships, Intentions for Collaborative Projects, Frameworks for Joint Ventures"
Non-Disclosure Agreement (NDA),Telecommunications,"Protection of Intellectual Property, Technology Assessment, Compliance and Regulatory Requirements, Vendor Selection Process, Investor Discussions, Partnership Discussions"
Partnership Agreement,Telecommunications,"Revenue Sharing Arrangements, Governance Structure, Decision-Making Processes, Roles and Responsibilities, Dispute Resolution Mechanisms, Exit Strategies"
Purchase Agreement,Telecommunications,"Procurement of Telecommunication Equipment, Purchase of Telecommunication Services, Acquisition of Telecommunications Businesses or Assets"
Reseller Agreement,Telecommunications,"Distribution Agreements for Telecommunication Products, Reselling Telecommunication Services, Partnerships with Distributors"
Service Agreement,Telecommunications,"Service Level Agreements for Telecommunication Services, Scope of Services, Pricing Structure, Performance Metrics, Termination Conditions, Intellectual Property Rights"
Supplier Agreement,Telecommunications,"Quality Standards for Telecommunication Products, Delivery Schedules, Pricing Structure, Payment Terms, Product Specifications, Termination Conditions"
Vendor Agreement,Telecommunications,"Service Level Agreements with Telecommunication Vendors, Pricing Structure, Performance Metrics, Termination Conditions, Delivery Schedules, Intellectual Property Rights"
RFI (Request for Information),Telecommunications,"Vendor Selection Process, Technology Assessment, Compliance and Regulatory Requirements, Market Research, Partnership Discussions, Risk Management"
RFQ (Request for Quotation),Telecommunications,"Vendor Selection Process, Pricing Comparison, Budget Planning, Supplier Evaluation, Product or Service Specifications, Risk Management"
RFP (Request for Proposal),Telecommunications,"Vendor Selection Process, Project Scope and Objectives, Budget Planning, Service Level Agreements, Deliverables, Risk Management"
Advertising Agreement,Real Estate,"Marketing Strategies, Promotion of Real Estate Properties, Advertising Campaigns, Branding Initiatives, Sponsorship Agreements"
Barter Agreement,Real Estate,"Exchange of Real Estate Properties or Services, Partnerships with Suppliers, Bartering Property or Services"
Bill of Sale,Real Estate,"Transfer of Ownership of Real Estate Properties, Transaction Records for Real Estate Assets"
Collaboration Agreement,Real Estate,"Partnerships with Other Real Estate Companies, Joint Ventures, Collaborative Marketing Campaigns, Property Development Projects"
Confidentiality Agreement (NDA),Real Estate,"Protection of Intellectual Property, Technology Assessment, Compliance and Regulatory Requirements, Vendor Selection Process, Investor Discussions, Partnership Discussions"
Consulting Agreement,Real Estate,"Real Estate Consultation Services, Technology Assessment, Compliance and Regulatory Requirements, Service Level Agreements, Project Scope and Objectives, Compensation Terms"
Distribution Agreement,Real Estate,"Property Distribution Strategies, Geographic Reach, Revenue Sharing Arrangements, Performance Metrics, Termination Conditions, Exclusive Rights"
Employment Agreement,Real Estate,"Hiring Process, Employee Responsibilities in Real Estate Agencies, Compensation and Benefits, Non-Compete Agreements, Confidentiality Obligations, Termination Conditions"
Equipment Lease Agreement,Real Estate,"Leasing of Equipment for Real Estate Operations, Facilities Management Contracts, Temporary Equipment Arrangements"
Franchise Agreement,Real Estate,"Franchising Real Estate Services, Licensing of Real Estate Brands, Expansion of Real Estate Agencies"
Independent Contractor Agreement,Real Estate,"Hiring of Independent Contractors for Real Estate Projects, Consultation Services, Temporary Staffing Arrangements"
Joint Venture Agreement,Real Estate,"Property Development Projects, Revenue Sharing Arrangements, Governance Structure, Decision-Making Processes, Exit Strategies, Intellectual Property Rights"
Lease Agreement,Real Estate,"Leasing of Real Estate Properties, Rental Contracts for Residential or Commercial Spaces, Leasing of Land for Real Estate Development"
Maintenance Agreement,Real Estate,"Property Maintenance Services, Facility Maintenance Contracts, Service Agreements for Real Estate Properties"
Memorandum of Understanding (MOU),Real Estate,"Preliminary Agreements for Real Estate Partnerships, Intentions for Collaborative Projects, Frameworks for Joint Ventures"
Non-Disclosure Agreement (NDA),Real Estate,"Protection of Intellectual Property, Technology Assessment, Compliance and Regulatory Requirements, Vendor Selection Process, Investor Discussions, Partnership Discussions"
Partnership Agreement,Real Estate,"Revenue Sharing Arrangements, Governance Structure, Decision-Making Processes, Roles and Responsibilities, Dispute Resolution Mechanisms, Exit Strategies"
Purchase Agreement,Real Estate,"Procurement of Real Estate Properties, Purchase of Residential or Commercial Real Estate, Acquisition of Real Estate Businesses or Assets"
Reseller Agreement,Real Estate,"Distribution Agreements for Real Estate Products, Reselling Real Estate Services, Partnerships with Distributors"
Service Agreement,Real Estate,"Property Management Services, Service Level Agreements for Real Estate Services, Scope of Services, Pricing Structure, Performance Metrics, Termination Conditions, Intellectual Property Rights"
Sublease Agreement,Real Estate,"Subleasing of Real Estate Properties or Office Spaces, Subcontracting Services, Rental Agreements for Real Estate Properties"
Supplier Agreement,Real Estate,"Quality Standards for Real Estate Products, Delivery Schedules, Pricing Structure, Payment Terms, Product Specifications, Termination Conditions"
Vendor Agreement,Real Estate,"Service Level Agreements with Real Estate Vendors, Pricing Structure, Performance Metrics, Termination Conditions, Delivery Schedules, Intellectual Property Rights"
Advertising Agreement,Hospitality,"Marketing Strategies, Promotion of Hospitality Services, Advertising Campaigns, Branding Initiatives, Sponsorship Agreements"
Barter Agreement,Hospitality,"Exchange of Hospitality Services or Goods, Partnerships with Suppliers, Bartering Services or Products"
Collaboration Agreement,Hospitality,"Partnerships with Other Hospitality Businesses, Joint Ventures, Collaborative Marketing Campaigns, Service Development Projects"
Confidentiality Agreement (NDA),Hospitality,"Protection of Intellectual Property, Technology Assessment, Compliance and Regulatory Requirements, Vendor Selection Process, Investor Discussions, Partnership Discussions"
Consulting Agreement,Hospitality,"Hospitality Consultation Services, Technology Assessment, Compliance and Regulatory Requirements, Service Level Agreements, Project Scope and Objectives, Compensation Terms"
Distribution Agreement,Hospitality,"Product Distribution Strategies, Geographic Reach, Revenue Sharing Arrangements, Performance Metrics, Termination Conditions, Exclusive Rights"
Employment Agreement,Hospitality,"Hiring Process, Employee Responsibilities in Hospitality, Compensation and Benefits, Non-Compete Agreements, Confidentiality Obligations, Termination Conditions"
Equipment Lease Agreement,Hospitality,"Leasing of Equipment for Hospitality Operations, Facilities Management Contracts, Temporary Equipment Arrangements"
Franchise Agreement,Hospitality,"Franchising Hospitality Services, Licensing of Hospitality Brands, Expansion of Hospitality Operations"
Independent Contractor Agreement,Hospitality,"Hiring of Independent Contractors for Hospitality Projects, Consultation Services, Temporary Staffing Arrangements"
Joint Venture Agreement,Hospitality,"Hospitality Development Projects, Revenue Sharing Arrangements, Governance Structure, Decision-Making Processes, Exit Strategies, Intellectual Property Rights"
Lease Agreement,Hospitality,"Leasing of Hospitality Properties, Rental Contracts for Hotels or Restaurants, Leasing of Land for Hospitality Development"
Maintenance Agreement,Hospitality,"Property Maintenance Services, Facility Maintenance Contracts, Service Agreements for Hospitality Properties"
Memorandum of Understanding (MOU),Hospitality,"Preliminary Agreements for Hospitality Partnerships, Intentions for Collaborative Projects, Frameworks for Joint Ventures"
Non-Disclosure Agreement (NDA),Hospitality,"Protection of Intellectual Property, Technology Assessment, Compliance and Regulatory Requirements, Vendor Selection Process, Investor Discussions, Partnership Discussions"
Partnership Agreement,Hospitality,"Revenue Sharing Arrangements, Governance Structure, Decision-Making Processes, Roles and Responsibilities, Dispute Resolution Mechanisms, Exit Strategies"
Purchase Agreement,Hospitality,"Procurement of Hospitality Properties, Purchase of Hospitality Services, Acquisition of Hospitality Businesses or Assets"
Reseller Agreement,Hospitality,"Distribution Agreements for Hospitality Products, Reselling Hospitality Services, Partnerships with Distributors"
Service Agreement,Hospitality,"Hospitality Service Level Agreements, Scope of Services, Pricing Structure, Performance Metrics, Termination Conditions, Intellectual Property Rights"
Sublease Agreement,Hospitality,"Subleasing of Hospitality Properties or Spaces, Subcontracting Services, Rental Agreements for Hospitality Properties"
Supplier Agreement,Hospitality,"Quality Standards for Hospitality Products, Delivery Schedules, Pricing Structure, Payment Terms, Product Specifications, Termination Conditions"
Vendor Agreement,Hospitality,"Service Level Agreements with Hospitality Vendors, Pricing Structure, Performance Metrics, Termination Conditions, Delivery Schedules, Intellectual Property Rights"
Collaboration Agreement,Education,"Partnerships with Other Educational Institutions, Joint Ventures, Collaborative Programs, Research Projects"
Confidentiality Agreement (NDA),Education,"Protection of Intellectual Property, Technology Assessment, Compliance and Regulatory Requirements, Vendor Selection Process, Investor Discussions, Partnership Discussions"
Consulting Agreement,Education,"Educational Consulting Services, Technology Assessment, Compliance and Regulatory Requirements, Service Level Agreements, Project Scope and Objectives, Compensation Terms"
Employment Agreement,Education,"Hiring Process, Employee Responsibilities in Educational Institutions, Compensation and Benefits, Non-Compete Agreements, Confidentiality Obligations, Termination Conditions"
Franchise Agreement,Education,"Franchising Educational Services, Licensing of Educational Brands, Expansion of Educational Programs"
Independent Contractor Agreement,Education,"Hiring of Independent Contractors for Educational Projects, Consultation Services, Temporary Staffing Arrangements"
Joint Venture Agreement,Education,"Educational Development Projects, Revenue Sharing Arrangements, Governance Structure, Decision-Making Processes, Exit Strategies, Intellectual Property Rights"
Lease Agreement,Education,"Leasing of Educational Facilities, Rental Contracts for Schools or Colleges, Leasing of Land for Educational Development"
Maintenance Agreement,Education,"Property Maintenance Services for Educational Facilities, Facility Maintenance Contracts, Service Agreements"
Memorandum of Understanding (MOU),Education,"Preliminary Agreements for Educational Partnerships, Intentions for Collaborative Projects, Frameworks for Joint Ventures"
Non-Disclosure Agreement (NDA),Education,"Protection of Intellectual Property, Technology Assessment, Compliance and Regulatory Requirements, Vendor Selection Process, Investor Discussions, Partnership Discussions"
Partnership Agreement,Education,"Revenue Sharing Arrangements, Governance Structure, Decision-Making Processes, Roles and Responsibilities, Dispute Resolution Mechanisms, Exit Strategies"
Purchase Agreement,Education,"Procurement of Educational Materials, Purchase of Educational Services, Acquisition of Educational Businesses or Assets"
Reseller Agreement,Education,"Distribution Agreements for Educational Products, Reselling Educational Services, Partnerships with Distributors"
Service Agreement,Education,"Educational Service Level Agreements, Scope of Services, Pricing Structure, Performance Metrics, Termination Conditions, Intellectual Property Rights"
Supplier Agreement,Education,"Quality Standards for Educational Products, Delivery Schedules, Pricing Structure, Payment Terms, Product Specifications, Termination Conditions"
Vendor Agreement,Education,"Service Level Agreements with Educational Vendors, Pricing Structure, Performance Metrics, Termination Conditions, Delivery Schedules, Intellectual Property Rights"
Document,Domain,Key_Aspects
Business Loan Agreement,Education,"Financing for Educational Institutions, Expansion Projects, Acquisition of Educational Equipment or Resources, Operating Capital"
Collaboration Agreement,Education,"Partnerships with Other Educational Institutions, Joint Ventures, Collaborative Programs, Research Projects"
Confidentiality Agreement (NDA),Education,"Protection of Intellectual Property, Technology Assessment, Compliance and Regulatory Requirements, Vendor Selection Process, Investor Discussions, Partnership Discussions"
Consulting Agreement,Education,"Educational Consulting Services, Technology Assessment, Compliance and Regulatory Requirements, Service Level Agreements, Project Scope and Objectives, Compensation Terms"
Distribution Agreement,Education,"Product Distribution Strategies for Educational Materials, Geographic Reach, Revenue Sharing Arrangements, Performance Metrics"
Employment Agreement,Education,"Hiring Process, Employee Responsibilities in Educational Institutions, Compensation and Benefits, Non-Compete Agreements, Confidentiality Obligations, Termination Conditions"
Equipment Lease Agreement,Education,"Leasing of Equipment for Educational Purposes, Facilities Management Contracts, Temporary Equipment Arrangements"
Joint Venture Agreement,Education,"Educational Development Projects, Revenue Sharing Arrangements, Governance Structure, Decision-Making Processes, Exit Strategies, Intellectual Property Rights"
Lease Agreement,Education,"Leasing of Educational Facilities, Rental Contracts for Schools or Colleges, Leasing of Land for Educational Development"
Maintenance Agreement,Education,"Property Maintenance Services for Educational Facilities, Facility Maintenance Contracts, Service Agreements"
Memorandum of Understanding (MOU),Education,"Preliminary Agreements for Educational Partnerships, Intentions for Collaborative Projects, Frameworks for Joint Ventures"
Non-Disclosure Agreement (NDA),Education,"Protection of Intellectual Property, Technology Assessment, Compliance and Regulatory Requirements, Vendor Selection Process, Investor Discussions, Partnership Discussions"
Partnership Agreement,Education,"Revenue Sharing Arrangements, Governance Structure, Decision-Making Processes, Roles and Responsibilities, Dispute Resolution Mechanisms, Exit Strategies"
Purchase Agreement,Education,"Procurement of Educational Materials, Purchase of Educational Services, Acquisition of Educational Businesses or Assets"
Reseller Agreement,Education,"Distribution Agreements for Educational Products, Reselling Educational Services, Partnerships with Distributors"
Service Agreement,Education,"Educational Service Level Agreements, Scope of Services, Pricing Structure, Performance Metrics, Termination Conditions, Intellectual Property Rights"
Supplier Agreement,Education,"Quality Standards for Educational Products, Delivery Schedules, Pricing Structure, Payment Terms, Product Specifications, Termination Conditions"
Vendor Agreement,Education,"Service Level Agreements with Educational Vendors, Pricing Structure, Performance Metrics, Termination Conditions, Delivery Schedules, Intellectual Property Rights"
Barter Agreement,Transportation and Logistics,"Exchange of Services or Goods, Partnerships with Suppliers, Bartering Services or Products"
Bill of Sale,Transportation and Logistics,"Transfer of Ownership of Assets, Purchase of Vehicles or Equipment, Transaction Records"
Business Loan Agreement,Transportation and Logistics,"Financing for Transportation and Logistics Companies, Expansion Projects, Acquisition of Vehicles or Equipment, Operating Capital"
Collaboration Agreement,Transportation and Logistics,"Partnerships with Other Companies, Joint Ventures, Collaborative Projects, Research and Development Agreements"
Confidentiality Agreement (NDA),Transportation and Logistics,"Protection of Intellectual Property, Technology Assessment, Compliance and Regulatory Requirements, Vendor Selection Process, Investor Discussions, Partnership Discussions"
Consulting Agreement,Transportation and Logistics,"Consulting Services for Transportation and Logistics, Technology Assessment, Compliance and Regulatory Requirements, Service Level Agreements"
Distribution Agreement,Transportation and Logistics,"Product Distribution Strategies, Geographic Reach, Revenue Sharing Arrangements, Performance Metrics"
Employment Agreement,Transportation and Logistics,"Hiring Process, Employee Responsibilities, Compensation and Benefits, Non-Compete Agreements, Confidentiality Obligations"
Equipment Lease Agreement,Transportation and Logistics,"Leasing of Equipment for Transportation and Logistics Operations, Facilities Management Contracts, Temporary Equipment Arrangements"
Independent Contractor Agreement,Transportation and Logistics,"Hiring of Independent Contractors for Transportation and Logistics Projects, Consultation Services, Temporary Staffing Arrangements"
Joint Venture Agreement,Transportation and Logistics,"Development Projects, Revenue Sharing Arrangements, Governance Structure, Decision-Making Processes, Exit Strategies"
Lease Agreement,Transportation and Logistics,"Leasing of Properties or Equipment for Transportation and Logistics, Rental Contracts, Leasing of Land for Facilities"
Maintenance Agreement,Transportation and Logistics,"Maintenance Services for Transportation and Logistics Assets, Facility Maintenance Contracts, Service Agreements"
Memorandum of Understanding (MOU),Transportation and Logistics,"Preliminary Agreements, Intentions for Collaborative Projects, Frameworks for Joint Ventures"
Non-Disclosure Agreement (NDA),Transportation and Logistics,"Protection of Intellectual Property, Technology Assessment, Compliance and Regulatory Requirements, Vendor Selection Process, Investor Discussions, Partnership Discussions"
Partnership Agreement,Transportation and Logistics,"Revenue Sharing Arrangements, Governance Structure, Decision-Making Processes, Roles and Responsibilities, Dispute Resolution Mechanisms"
Purchase Agreement,Transportation and Logistics,"Procurement of Materials or Equipment, Purchase of Vehicles, Acquisition of Transportation and Logistics Businesses or Assets"
Reseller Agreement,Transportation and Logistics,"Distribution Agreements, Reselling Services or Products, Partnerships with Distributors"
Service Agreement,Transportation and Logistics,"Service Level Agreements, Scope of Services, Pricing Structure, Performance Metrics, Termination Conditions"
Supplier Agreement,Transportation and Logistics,"Quality Standards, Delivery Schedules, Pricing Structure, Payment Terms, Product Specifications, Termination Conditions"
Vendor Agreement,Transportation and Logistics,"Service Level Agreements with Vendors, Pricing Structure, Performance Metrics, Termination Conditions"
Advertising Agreement,Media and Entertainment,"Advertising Partnerships, Marketing Strategies, Promotion of Media Products, Revenue Sharing Arrangements, Performance Metrics"
Agency Agreement,Media and Entertainment,"Partnerships with Talent Agencies, Talent Representation, Commission Agreements, Performance Metrics"
Collaboration Agreement,Media and Entertainment,"Partnerships with Other Media Companies, Joint Ventures, Collaborative Projects, Content Creation Agreements"
Confidentiality Agreement (NDA),Media and Entertainment,"Protection of Intellectual Property, Technology Assessment, Compliance and Regulatory Requirements, Vendor Selection Process, Investor Discussions, Partnership Discussions"
Consulting Agreement,Media and Entertainment,"Consulting Services for Media and Entertainment, Technology Assessment, Compliance and Regulatory Requirements, Service Level Agreements"
Distribution Agreement,Media and Entertainment,"Content Distribution Strategies, Geographic Reach, Revenue Sharing Arrangements, Performance Metrics"
Employment Agreement,Media and Entertainment,"Hiring Process, Employee Responsibilities, Compensation and Benefits, Non-Compete Agreements, Confidentiality Obligations"
Equipment Lease Agreement,Media and Entertainment,"Leasing of Equipment for Media Production, Facilities Management Contracts, Temporary Equipment Arrangements"
Franchise Agreement,Media and Entertainment,"Franchising Media Brands, Licensing Agreements, Expansion of Media Products or Services"
Independent Contractor Agreement,Media and Entertainment,"Hiring of Independent Contractors for Media Projects, Content Creation Services, Temporary Staffing Arrangements"
Joint Venture Agreement,Media and Entertainment,"Development Projects, Revenue Sharing Arrangements, Governance Structure, Decision-Making Processes, Exit Strategies"
Licensing Agreement,Media and Entertainment,"Licensing of Intellectual Property, Usage Rights, Royalty Payments, Compliance and Regulatory Requirements"
Maintenance Agreement,Media and Entertainment,"Maintenance Services for Media Equipment, Facility Maintenance Contracts, Service Agreements"
Memorandum of Understanding (MOU),Media and Entertainment,"Preliminary Agreements, Intentions for Collaborative Projects, Frameworks for Joint Ventures"
Non-Disclosure Agreement (NDA),Media and Entertainment,"Protection of Intellectual Property, Technology Assessment, Compliance and Regulatory Requirements, Vendor Selection Process, Investor Discussions, Partnership Discussions"
Partnership Agreement,Media and Entertainment,"Revenue Sharing Arrangements, Governance Structure, Decision-Making Processes, Roles and Responsibilities, Dispute Resolution Mechanisms"
Purchase Agreement,Media and Entertainment,"Procurement of Media Materials or Equipment, Purchase of Intellectual Property Rights, Acquisition of Media Businesses or Assets"
Reseller Agreement,Media and Entertainment,"Distribution Agreements for Media Products, Reselling Media Services, Partnerships with Distributors"
Service Agreement,Media and Entertainment,"Service Level Agreements for Media Services, Scope of Services, Pricing Structure, Performance Metrics, Termination Conditions"
Supplier Agreement,Media and Entertainment,"Quality Standards for Media Products, Delivery Schedules, Pricing Structure, Payment Terms, Product Specifications"
Vendor Agreement,Media and Entertainment,"Service Level Agreements with Media Vendors, Pricing Structure, Performance Metrics, Termination Conditions"
Advertising Agreement,Retail,"Advertising Partnerships, Marketing Strategies, Promotion of Retail Products, Revenue Sharing Arrangements, Performance Metrics"
Barter Agreement,Retail,"Exchange of Goods or Services, Partnerships with Suppliers, Bartering Products or Services"
Bill of Sale,Retail,"Transfer of Ownership of Assets, Purchase of Retail Goods or Equipment, Transaction Records"
Business Loan Agreement,Retail,"Financing for Retail Operations, Expansion Projects, Acquisition of Retail Inventory or Equipment, Operating Capital"
Collaboration Agreement,Retail,"Partnerships with Other Retail Companies, Joint Ventures, Collaborative Projects, Marketing Campaigns"
Confidentiality Agreement (NDA),Retail,"Protection of Intellectual Property, Technology Assessment, Compliance and Regulatory Requirements, Vendor Selection Process, Investor Discussions, Partnership Discussions"
Consulting Agreement,Retail,"Consulting Services for Retail Operations, Technology Assessment, Compliance and Regulatory Requirements, Service Level Agreements"
Distribution Agreement,Retail,"Product Distribution Strategies, Geographic Reach, Revenue Sharing Arrangements, Performance Metrics"
Employment Agreement,Retail,"Hiring Process, Employee Responsibilities, Compensation and Benefits, Non-Compete Agreements, Confidentiality Obligations"
Equipment Lease Agreement,Retail,"Leasing of Equipment for Retail Operations, Facilities Management Contracts, Temporary Equipment Arrangements"
Franchise Agreement,Retail,"Franchising Retail Brands, Licensing Agreements, Expansion of Retail Stores or Services"
Independent Contractor Agreement,Retail,"Hiring of Independent Contractors for Retail Projects, Consultation Services, Temporary Staffing Arrangements"
Joint Venture Agreement,Retail,"Development Projects, Revenue Sharing Arrangements, Governance Structure, Decision-Making Processes, Exit Strategies"
Lease Agreement,Retail,"Leasing of Retail Properties, Rental Contracts, Leasing of Land for Stores or Facilities"
Maintenance Agreement,Retail,"Maintenance Services for Retail Equipment, Facility Maintenance Contracts, Service Agreements"
Memorandum of Understanding (MOU),Retail,"Preliminary Agreements, Intentions for Collaborative Projects, Frameworks for Joint Ventures"
Non-Compete Agreement,Retail,"Restricting Competition Among Retail Companies, Non-Compete Clauses in Employment Contracts, Protection of Intellectual Property"
Non-Disclosure Agreement (NDA),Retail,"Protection of Intellectual Property, Technology Assessment, Compliance and Regulatory Requirements, Vendor Selection Process, Investor Discussions, Partnership Discussions"
Partnership Agreement,Retail,"Revenue Sharing Arrangements, Governance Structure, Decision-Making Processes, Roles and Responsibilities, Dispute Resolution Mechanisms"
Purchase Agreement,Retail,"Procurement of Retail Goods or Equipment, Purchase of Inventory, Acquisition of Retail Businesses or Assets"
Reseller Agreement,Retail,"Distribution Agreements for Retail Products, Reselling Retail Services or Products, Partnerships with Distributors"
Service Agreement,Retail,"Service Level Agreements for Retail Services, Scope of Services, Pricing Structure, Performance Metrics"
Supplier Agreement,Retail,"Quality Standards for Retail Products, Delivery Schedules, Pricing Structure, Payment Terms, Product Specifications"
Vendor Agreement,Retail,"Service Level Agreements with Vendors, Pricing Structure, Performance Metrics, Termination Conditions"
Document,Domain,Key_Aspects
Barter Agreement,Manufacturing,"Exchange of Goods or Services, Partnerships with Suppliers, Bartering Products or Services"
Bill of Sale,Manufacturing,"Transfer of Ownership of Assets, Purchase of Manufacturing Goods or Equipment, Transaction Records"
Business Loan Agreement,Manufacturing,"Financing for Manufacturing Operations, Expansion Projects, Acquisition of Manufacturing Inventory or Equipment, Operating Capital"
Collaboration Agreement,Manufacturing,"Partnerships with Other Manufacturing Companies, Joint Ventures, Collaborative Projects, Research and Development Agreements"
Confidentiality Agreement (NDA),Manufacturing,"Protection of Intellectual Property, Technology Assessment, Compliance and Regulatory Requirements, Vendor Selection Process, Partnership Discussions"
Consulting Agreement,Manufacturing,"Consulting Services for Manufacturing Operations, Technology Assessment, Compliance and Regulatory Requirements, Service Level Agreements"
Distribution Agreement,Manufacturing,"Product Distribution Strategies, Geographic Reach, Revenue Sharing Arrangements, Performance Metrics"
Employment Agreement,Manufacturing,"Hiring Process, Employee Responsibilities, Compensation and Benefits, Non-Compete Agreements, Confidentiality Obligations"
Equipment Lease Agreement,Manufacturing,"Leasing of Equipment for Manufacturing Operations, Facilities Management Contracts, Temporary Equipment Arrangements"
Franchise Agreement,Manufacturing,"Franchising Manufacturing Brands, Licensing Agreements, Expansion of Manufacturing Facilities"
Independent Contractor Agreement,Manufacturing,"Hiring of Independent Contractors for Manufacturing Projects, Consultation Services, Temporary Staffing Arrangements"
Joint Venture Agreement,Manufacturing,"Development Projects, Revenue Sharing Arrangements, Governance Structure, Decision-Making Processes, Exit Strategies"
Lease Agreement,Manufacturing,"Leasing of Manufacturing Properties, Rental Contracts, Leasing of Land for Manufacturing Facilities"
Maintenance Agreement,Manufacturing,"Maintenance Services for Manufacturing Equipment, Facility Maintenance Contracts, Service Agreements"
Memorandum of Understanding (MOU),Manufacturing,"Preliminary Agreements, Intentions for Collaborative Projects, Frameworks for Joint Ventures"
Non-Compete Agreement,Manufacturing,"Restricting Competition Among Manufacturing Companies, Non-Compete Clauses in Employment Contracts, Protection of Intellectual Property"
Non-Disclosure Agreement (NDA),Manufacturing,"Protection of Intellectual Property, Technology Assessment, Compliance and Regulatory Requirements, Vendor Selection Process, Partnership Discussions"
Partnership Agreement,Manufacturing,"Revenue Sharing Arrangements, Governance Structure, Decision-Making Processes, Roles and Responsibilities, Dispute Resolution Mechanisms"
Purchase Agreement,Manufacturing,"Procurement of Manufacturing Goods or Equipment, Purchase of Inventory, Acquisition of Manufacturing Businesses or Assets"
Reseller Agreement,Manufacturing,"Distribution Agreements for Manufacturing Products, Reselling Manufacturing Services or Products, Partnerships with Distributors"
Service Agreement,Manufacturing,"Service Level Agreements for Manufacturing Services, Scope of Services, Pricing Structure, Performance Metrics"
Supplier Agreement,Manufacturing,"Quality Standards for Manufacturing Products, Delivery Schedules, Pricing Structure, Payment Terms, Product Specifications"
Vendor Agreement,Manufacturing,"Service Level Agreements with Vendors, Pricing Structure, Performance Metrics, Termination Conditions"
Manufacturing Agreement,Manufacturing,"Agreements for Manufacturing Services, Product Specifications, Quality Control Measures, Delivery Schedules"
Business Loan Agreement,Financial Services,"Loan Terms and Conditions, Interest Rates, Repayment Schedules, Collateral Requirements, Default Provisions, Prepayment Penalties"
Collaboration Agreement,Financial Services,"Partnerships with Other Financial Institutions, Joint Ventures, Collaborative Projects, Research and Development Agreements"
Confidentiality Agreement (NDA),Financial Services,"Protection of Intellectual Property, Technology Assessment, Compliance and Regulatory Requirements, Vendor Selection Process, Partnership Discussions"
Consulting Agreement,Financial Services,"Consulting Services for Financial Operations, Technology Assessment, Compliance and Regulatory Requirements, Service Level Agreements"
Employment Agreement,Financial Services,"Hiring Process, Employee Responsibilities, Compensation and Benefits, Non-Compete Agreements, Confidentiality Obligations"
Franchise Agreement,Financial Services,"Franchising Financial Brands, Licensing Agreements, Expansion of Financial Services"
Independent Contractor Agreement,Financial Services,"Hiring of Independent Contractors for Financial Projects, Consultation Services, Temporary Staffing Arrangements"
Joint Venture Agreement,Financial Services,"Development Projects, Revenue Sharing Arrangements, Governance Structure, Decision-Making Processes, Exit Strategies"
Lease Agreement,Financial Services,"Leasing of Office Spaces for Financial Operations, Rental Contracts, Leasing of Land for Financial Facilities"
Licensing Agreement,Financial Services,"Licensing of Financial Products, Technology Transfer, Usage Restrictions, Royalty Payments, Compliance and Regulatory Requirements"
Loan Agreement,Financial Services,"Loan Terms and Conditions, Interest Rates, Repayment Schedules, Collateral Requirements, Default Provisions, Prepayment Penalties"
Maintenance Agreement,Financial Services,"Maintenance Services for Financial Equipment, Facility Maintenance Contracts, Service Agreements"
Memorandum of Understanding (MOU),Financial Services,"Preliminary Agreements, Intentions for Collaborative Projects, Frameworks for Joint Ventures"
Non-Compete Agreement,Financial Services,"Restricting Competition Among Financial Institutions, Non-Compete Clauses in Employment Contracts, Protection of Intellectual Property"
Non-Disclosure Agreement (NDA),Financial Services,"Protection of Intellectual Property, Technology Assessment, Compliance and Regulatory Requirements, Vendor Selection Process, Partnership Discussions"
Partnership Agreement,Financial Services,"Revenue Sharing Arrangements, Governance Structure, Decision-Making Processes, Roles and Responsibilities, Dispute Resolution Mechanisms"
Purchase Agreement,Financial Services,"Procurement of Financial Assets, Purchase of Financial Products, Acquisition of Financial Businesses or Assets"
Reseller Agreement,Financial Services,"Distribution Agreements for Financial Products, Reselling Financial Services or Products, Partnerships with Distributors"
Service Agreement,Financial Services,"Service Level Agreements for Financial Services, Scope of Services, Pricing Structure, Performance Metrics"
Shareholder Agreement,Financial Services,"Equity Ownership, Voting Rights, Dividend Distribution, Board Representation, Transfer Restrictions, Exit Strategies"
Sublease Agreement,Financial Services,"Subleasing of Office Spaces for Financial Operations, Subcontracting Services, Rental Agreements"
Supplier Agreement,Financial Services,"Quality Standards for Financial Products, Delivery Schedules, Pricing Structure, Payment Terms, Product Specifications"
Vendor Agreement,Financial Services,"Service Level Agreements with Vendors, Pricing Structure, Performance Metrics, Termination Conditions"
RFI,Financial Services,"Vendor Selection Process, Technology Assessment, Compliance and Regulatory Requirements, Market Research, Partnership Discussions, Risk Management"
RFQ,Financial Services,"Vendor Selection Process, Pricing Comparison, Budget Planning, Supplier Evaluation, Product or Service Specifications, Risk Management"
RFP,Financial Services,"Vendor Selection Process, Project Scope and Objectives, Budget Planning, Service Level Agreements, Deliverables, Risk Management"
Collaboration Agreement,Technology,"Partnerships with Other Technology Companies, Joint Ventures, Collaborative Projects, Research and Development Agreements"
Confidentiality Agreement (NDA),Technology,"Protection of Intellectual Property, Technology Assessment, Compliance and Regulatory Requirements, Vendor Selection Process, Partnership Discussions"
Consulting Agreement,Technology,"Consulting Services for Technology Operations, Technology Assessment, Compliance and Regulatory Requirements, Service Level Agreements"
Distribution Agreement,Technology,"Product Distribution Strategies, Geographic Reach, Revenue Sharing Arrangements, Performance Metrics"
Employment Agreement,Technology,"Hiring Process, Employee Responsibilities, Compensation and Benefits, Non-Compete Agreements, Confidentiality Obligations"
Equipment Lease Agreement,Technology,"Leasing of Equipment for Technology Operations, Facilities Management Contracts, Temporary Equipment Arrangements"
Franchise Agreement,Technology,"Franchising Technology Brands, Licensing Agreements, Expansion of Technology Services"
Independent Contractor Agreement,Technology,"Hiring of Independent Contractors for Technology Projects, Consultation Services, Temporary Staffing Arrangements"
Joint Venture Agreement,Technology,"Development Projects, Revenue Sharing Arrangements, Governance Structure, Decision-Making Processes, Exit Strategies"
Lease Agreement,Technology,"Leasing of Office Spaces for Technology Operations, Rental Contracts, Leasing of Land for Technology Facilities"
Licensing Agreement,Technology,"Licensing of Technology Products, Technology Transfer, Usage Restrictions, Royalty Payments, Compliance and Regulatory Requirements"
Maintenance Agreement,Technology,"Maintenance Services for Technology Equipment, Facility Maintenance Contracts, Service Agreements"
Memorandum of Understanding (MOU),Technology,"Preliminary Agreements, Intentions for Collaborative Projects, Frameworks for Joint Ventures"
Non-Compete Agreement,Technology,"Restricting Competition Among Technology Companies, Non-Compete Clauses in Employment Contracts, Protection of Intellectual Property"
Non-Disclosure Agreement (NDA),Technology,"Protection of Intellectual Property, Technology Assessment, Compliance and Regulatory Requirements, Vendor Selection Process, Partnership Discussions"
Partnership Agreement,Technology,"Revenue Sharing Arrangements, Governance Structure, Decision-Making Processes, Roles and Responsibilities, Dispute Resolution Mechanisms"
Purchase Agreement,Technology,"Procurement of Technology Assets, Purchase of Technology Products, Acquisition of Technology Businesses or Assets"
Reseller Agreement,Technology,"Distribution Agreements for Technology Products, Reselling Technology Services or Products, Partnerships with Distributors"
Service Agreement,Technology,"Service Level Agreements for Technology Services, Scope of Services, Pricing Structure, Performance Metrics"
Supplier Agreement,Technology,"Quality Standards for Technology Products, Delivery Schedules, Pricing Structure, Payment Terms, Product Specifications"
Vendor Agreement,Technology,"Service Level Agreements with Vendors, Pricing Structure, Performance Metrics, Termination Conditions"
RFI,Technology,"Vendor Selection Process, Technology Assessment, Compliance and Regulatory Requirements, Market Research, Partnership Discussions, Risk Management"
RFQ,Technology,"Vendor Selection Process, Pricing Comparison, Budget Planning, Supplier Evaluation, Product or Service Specifications, Risk Management"
RFP,Technology,"Vendor Selection Process, Project Scope and Objectives, Budget Planning, Service Level Agreements, Deliverables, Risk Management"
Barter Agreement,Agriculture,"Procurement of Agricultural Goods or Services, Partnerships with Suppliers, Bartering Agricultural Products or Services"
Bill of Sale,Agriculture,"Transfer of Ownership of Agricultural Equipment or Supplies, Purchase of Farming Assets, Transaction Records for Agricultural Assets"
Business Loan Agreement,Agriculture,"Financing for Agricultural Operations, Expansion Projects, Acquisition of Farming Equipment, Operating Capital for Farms"
Collaboration Agreement,Agriculture,"Partnerships with Research Institutions, Joint Research and Development Projects, Collaborative Farming Programs"
Confidentiality Agreement (NDA),Agriculture,"Protection of Intellectual Property, Technology Assessment, Compliance and Regulatory Requirements, Vendor Selection Process, Partnership Discussions"
Consulting Agreement,Agriculture,"Consulting Services for Agricultural Operations, Technology Assessment, Compliance and Regulatory Requirements, Service Level Agreements"
Distribution Agreement,Agriculture,"Product Distribution Strategies, Geographic Reach, Revenue Sharing Arrangements, Performance Metrics"
Employment Agreement,Agriculture,"Hiring Process for Farm Workers, Employee Responsibilities, Compensation and Benefits, Non-Compete Agreements, Confidentiality Obligations"
Equipment Lease Agreement,Agriculture,"Leasing of Farming Equipment, Facilities Management Contracts, Temporary Equipment Arrangements"
Independent Contractor Agreement,Agriculture,"Hiring of Independent Contractors for Farming Projects, Consultation Services, Temporary Staffing Arrangements"
Joint Venture Agreement,Agriculture,"Development Projects, Revenue Sharing Arrangements, Governance Structure, Decision-Making Processes, Exit Strategies"
Lease Agreement,Agriculture,"Leasing of Agricultural Land, Rental Contracts for Farms, Leasing of Land for Agricultural Purposes"
Maintenance Agreement,Agriculture,"Maintenance Services for Farming Equipment, Facility Maintenance Contracts, Service Agreements for Farms"
Memorandum of Understanding (MOU),Agriculture,"Preliminary Agreements, Intentions for Collaborative Projects, Frameworks for Joint Ventures"
Non-Compete Agreement,Agriculture,"Restricting Competition Among Agricultural Companies, Non-Compete Clauses in Employment Contracts, Protection of Intellectual Property"
Non-Disclosure Agreement (NDA),Agriculture,"Protection of Intellectual Property, Technology Assessment, Compliance and Regulatory Requirements, Vendor Selection Process, Partnership Discussions"
Partnership Agreement,Agriculture,"Revenue Sharing Arrangements, Governance Structure, Decision-Making Processes, Roles and Responsibilities, Dispute Resolution Mechanisms"
Purchase Agreement,Agriculture,"Procurement of Agricultural Products, Purchase of Farming Supplies, Acquisition of Agricultural Businesses or Assets"
Reseller Agreement,Agriculture,"Distribution Agreements for Agricultural Products, Reselling Farming Services or Products, Partnerships with Distributors"
Service Agreement,Agriculture,"Service Level Agreements for Farming Services, Scope of Services, Pricing Structure, Performance Metrics"
Supplier Agreement,Agriculture,"Quality Standards for Agricultural Products, Delivery Schedules, Pricing Structure, Payment Terms, Product Specifications"
Vendor Agreement,Agriculture,"Service Level Agreements with Vendors, Pricing Structure, Performance Metrics, Termination Conditions"
RFI,Agriculture,"Vendor Selection Process, Technology Assessment, Compliance and Regulatory Requirements, Market Research, Partnership Discussions, Risk Management"
RFQ,Agriculture,"Vendor Selection Process, Pricing Comparison, Budget Planning, Supplier Evaluation, Product or Service Specifications, Risk Management"
RFP,Agriculture,"Vendor Selection Process, Project Scope and Objectives, Budget Planning, Service Level Agreements, Deliverables, Risk Management"
Collaboration Agreement,Biotechnology and Pharmaceuticals,"Partnerships with Research Institutions, Joint Research and Development Projects, Collaborative Pharmaceutical Programs"
Confidentiality Agreement (NDA),Biotechnology and Pharmaceuticals,"Protection of Intellectual Property, Technology Assessment, Compliance and Regulatory Requirements, Vendor Selection Process, Partnership Discussions"
Consulting Agreement,Biotechnology and Pharmaceuticals,"Consulting Services for Pharmaceutical Operations, Technology Assessment, Compliance and Regulatory Requirements, Service Level Agreements"
Distribution Agreement,Biotechnology and Pharmaceuticals,"Product Distribution Strategies, Geographic Reach, Revenue Sharing Arrangements, Performance Metrics"
Employment Agreement,Biotechnology and Pharmaceuticals,"Hiring Process for Pharmaceutical Workers, Employee Responsibilities, Compensation and Benefits, Non-Compete Agreements, Confidentiality Obligations"
Equipment Lease Agreement,Biotechnology and Pharmaceuticals,"Leasing of Laboratory Equipment, Facilities Management Contracts, Temporary Equipment Arrangements"
Franchise Agreement,Biotechnology and Pharmaceuticals,"Franchising Pharmaceutical Services, Licensing of Pharmaceutical Brands"
Independent Contractor Agreement,Biotechnology and Pharmaceuticals,"Hiring of Independent Contractors for Pharmaceutical Projects, Consultation Services, Temporary Staffing Arrangements"
Joint Venture Agreement,Biotechnology and Pharmaceuticals,"Development Projects, Revenue Sharing Arrangements, Governance Structure, Decision-Making Processes, Exit Strategies"
Licensing Agreement,Biotechnology and Pharmaceuticals,"Intellectual Property Rights Licensing, Technology Transfer, Usage Restrictions, Royalty Payments"
Loan Agreement,Biotechnology and Pharmaceuticals,"Financing for Pharmaceutical Operations, Research and Development Projects, Acquisition of Laboratory Equipment, Operating Capital for Pharmaceutical Companies"
Maintenance Agreement,Biotechnology and Pharmaceuticals,"Maintenance Services for Laboratory Equipment, Facility Maintenance Contracts, Service Agreements for Laboratories"
Manufacturing Agreement,Biotechnology and Pharmaceuticals,"Outsourcing of Pharmaceutical Manufacturing, Production Contracts for Pharmaceuticals, Supply Chain Agreements"
Memorandum of Understanding (MOU),Biotechnology and Pharmaceuticals,"Preliminary Agreements, Intentions for Collaborative Projects, Frameworks for Joint Ventures"
Non-Compete Agreement,Biotechnology and Pharmaceuticals,"Restricting Competition Among Pharmaceutical Companies, Non-Compete Clauses in Employment Contracts, Protection of Intellectual Property"
Non-Disclosure Agreement (NDA),Biotechnology and Pharmaceuticals,"Protection of Intellectual Property, Technology Assessment, Compliance and Regulatory Requirements, Vendor Selection Process, Partnership Discussions"
Partnership Agreement,Biotechnology and Pharmaceuticals,"Revenue Sharing Arrangements, Governance Structure, Decision-Making Processes, Roles and Responsibilities, Dispute Resolution Mechanisms"
Purchase Agreement,Biotechnology and Pharmaceuticals,"Procurement of Pharmaceutical Products, Purchase of Laboratory Supplies, Acquisition of Pharmaceutical Businesses or Assets"
Reseller Agreement,Biotechnology and Pharmaceuticals,"Distribution Agreements for Pharmaceutical Products, Reselling Pharmaceutical Services or Products, Partnerships with Distributors"
Service Agreement,Biotechnology and Pharmaceuticals,"Service Level Agreements for Pharmaceutical Services, Scope of Services, Pricing Structure, Performance Metrics"
Supplier Agreement,Biotechnology and Pharmaceuticals,"Quality Standards for Pharmaceutical Products, Delivery Schedules, Pricing Structure, Payment Terms, Product Specifications"
Vendor Agreement,Biotechnology and Pharmaceuticals,"Service Level Agreements with Vendors, Pricing Structure, Performance Metrics, Termination Conditions"
RFI,Biotechnology and Pharmaceuticals,"Vendor Selection Process, Technology Assessment, Compliance and Regulatory Requirements, Market Research, Partnership Discussions, Risk Management"
RFQ,Biotechnology and Pharmaceuticals,"Vendor Selection Process, Pricing Comparison, Budget Planning, Supplier Evaluation, Product or Service Specifications, Risk Management"
RFP,Biotechnology and Pharmaceuticals,"Vendor Selection Process, Project Scope and Objectives, Budget Planning, Service Level Agreements, Deliverables, Risk Management"
